threshold_quantile,threshold_name,lead_days,model,reference_model,metric,basins,spatial_groups,water_years,test_transitions,weighted_improvement,bootstrap_ci_low,bootstrap_ci_high,basins_improved,positive_means_better,resampling_unit
0.05,Q5,1,adaptive_heavytail_recession_logistic,training_climatology,brier,2608,9,11,1538140,0.09738272765508688,0.07240479416382183,0.11797780874806908,2599,True,water_year_then_spatial_group_then_basin
0.05,Q5,1,adaptive_heavytail_recession_logistic,persistence,brier,2608,9,11,1538140,0.003150597211786603,0.002131314192900857,0.00420596395147599,2199,True,water_year_then_spatial_group_then_basin
0.05,Q5,1,adaptive_heavytail_recession_logistic,qbin_probability,brier,2608,9,11,1538140,0.015902601023558983,0.01117228727765635,0.02062006900211728,2414,True,water_year_then_spatial_group_then_basin
0.05,Q5,1,adaptive_heavytail_recession_logistic,regularized_power_state_empirical,brier,2608,9,11,1538140,0.0,0.0,0.0,0,True,water_year_then_spatial_group_then_basin
0.05,Q5,1,regularized_power_state_gaussian,regularized_power_gaussian,crps,2608,9,11,1538140,0.01093452522515077,0.001584523466383683,0.03036281017871637,1333,True,water_year_then_spatial_group_then_basin
0.05,Q5,1,regularized_power_state_empirical,regularized_power_state_gaussian,crps,2608,9,11,1538140,0.024706939542182258,0.009391978550636254,0.049926729121598484,2276,True,water_year_then_spatial_group_then_basin
0.05,Q5,2,adaptive_heavytail_recession_logistic,training_climatology,brier,2106,9,11,1155360,0.0969581138914529,0.07292515531160149,0.11623959320934654,2079,True,water_year_then_spatial_group_then_basin
0.05,Q5,2,adaptive_heavytail_recession_logistic,persistence,brier,2106,9,11,1155360,0.00518127584252982,0.0031029041798815984,0.006978225481647122,1750,True,water_year_then_spatial_group_then_basin
0.05,Q5,2,adaptive_heavytail_recession_logistic,qbin_probability,brier,2106,9,11,1155360,0.013464527624493012,0.008398061314983584,0.01806566197640308,1816,True,water_year_then_spatial_group_then_basin
0.05,Q5,2,adaptive_heavytail_recession_logistic,regularized_power_state_empirical,brier,2106,9,11,1155360,0.0,0.0,0.0,0,True,water_year_then_spatial_group_then_basin
0.05,Q5,2,regularized_power_state_gaussian,regularized_power_gaussian,crps,2106,9,11,1155360,0.022505789375191928,0.0075498953107671135,0.045074517654514624,1175,True,water_year_then_spatial_group_then_basin
0.05,Q5,2,regularized_power_state_empirical,regularized_power_state_gaussian,crps,2106,9,11,1155360,0.04232393136310562,0.012784751055092518,0.08911396315109298,1773,True,water_year_then_spatial_group_then_basin
0.05,Q5,3,adaptive_heavytail_recession_logistic,training_climatology,brier,1624,9,11,880714,0.09647952869639696,0.06951298066273018,0.11704876969524261,1583,True,water_year_then_spatial_group_then_basin
0.05,Q5,3,adaptive_heavytail_recession_logistic,persistence,brier,1624,9,11,880714,0.006532274075393852,0.003590421376157075,0.008735961385052804,1324,True,water_year_then_spatial_group_then_basin
0.05,Q5,3,adaptive_heavytail_recession_logistic,qbin_probability,brier,1624,9,11,880714,0.012613738677199055,0.0076082182414561805,0.01758753779044178,1339,True,water_year_then_spatial_group_then_basin
0.05,Q5,3,adaptive_heavytail_recession_logistic,regularized_power_state_empirical,brier,1624,9,11,880714,0.0,0.0,0.0,0,True,water_year_then_spatial_group_then_basin
0.05,Q5,3,regularized_power_state_gaussian,regularized_power_gaussian,crps,1624,9,11,880714,0.021360552098499578,0.0026462392707864526,0.048007194948333484,952,True,water_year_then_spatial_group_then_basin
0.05,Q5,3,regularized_power_state_empirical,regularized_power_state_gaussian,crps,1624,9,11,880714,0.04908315308060913,0.01592622615751742,0.1113034412483707,1284,True,water_year_then_spatial_group_then_basin
0.05,Q5,5,adaptive_heavytail_recession_logistic,training_climatology,brier,956,8,11,551447,0.0973272564836594,0.06578642270134837,0.12233621718882064,923,True,water_year_then_spatial_group_then_basin
0.05,Q5,5,adaptive_heavytail_recession_logistic,persistence,brier,956,8,11,551447,0.008923130116682427,0.00332785805181567,0.01223492927905825,761,True,water_year_then_spatial_group_then_basin
0.05,Q5,5,adaptive_heavytail_recession_logistic,qbin_probability,brier,956,8,11,551447,0.01176137772315563,0.0062387140803946365,0.01817800659012328,734,True,water_year_then_spatial_group_then_basin
0.05,Q5,5,adaptive_heavytail_recession_logistic,regularized_power_state_empirical,brier,956,8,11,551447,0.0,0.0,0.0,0,True,water_year_then_spatial_group_then_basin
0.05,Q5,5,regularized_power_state_gaussian,regularized_power_gaussian,crps,956,8,11,551447,0.05752457855447057,0.0013154168228936489,0.17765519038756628,539,True,water_year_then_spatial_group_then_basin
0.05,Q5,5,regularized_power_state_empirical,regularized_power_state_gaussian,crps,956,8,11,551447,0.06478395020598918,0.020170348805969567,0.13811925775516426,725,True,water_year_then_spatial_group_then_basin
0.05,Q5,7,adaptive_heavytail_recession_logistic,training_climatology,brier,653,7,11,390983,0.09923056108174563,0.06756691454350872,0.12755832317832538,634,True,water_year_then_spatial_group_then_basin
0.05,Q5,7,adaptive_heavytail_recession_logistic,persistence,brier,653,7,11,390983,0.011827353356327194,0.005631809942682135,0.01693208048094227,479,True,water_year_then_spatial_group_then_basin
0.05,Q5,7,adaptive_heavytail_recession_logistic,qbin_probability,brier,653,7,11,390983,0.0124269345179098,0.007187313841616066,0.022419769600056833,488,True,water_year_then_spatial_group_then_basin
0.05,Q5,7,adaptive_heavytail_recession_logistic,regularized_power_state_empirical,brier,653,7,11,390983,0.002454491964317714,0.0005719637274578289,0.006400326254138494,370,True,water_year_then_spatial_group_then_basin
0.05,Q5,7,regularized_power_state_gaussian,regularized_power_gaussian,crps,653,7,11,390983,0.029675041733670107,0.005471073768457257,0.07708327787170274,397,True,water_year_then_spatial_group_then_basin
0.05,Q5,7,regularized_power_state_empirical,regularized_power_state_gaussian,crps,653,7,11,390983,0.054614245256368404,0.02121150931204481,0.12763546907485673,508,True,water_year_then_spatial_group_then_basin
0.05,Q5,10,adaptive_heavytail_recession_logistic,training_climatology,brier,402,5,11,253865,0.0994860681033532,0.06373207346560308,0.1337663946764865,386,True,water_year_then_spatial_group_then_basin
0.05,Q5,10,adaptive_heavytail_recession_logistic,persistence,brier,402,5,11,253865,0.01579678650343569,0.004091851148663222,0.0228156634502523,303,True,water_year_then_spatial_group_then_basin
0.05,Q5,10,adaptive_heavytail_recession_logistic,qbin_probability,brier,402,5,11,253865,0.012363212283631703,0.006448726605282199,0.02638879726428365,310,True,water_year_then_spatial_group_then_basin
0.05,Q5,10,adaptive_heavytail_recession_logistic,regularized_power_state_empirical,brier,402,5,11,253865,0.003820146924962409,0.0005367734628637711,0.007580530975460829,234,True,water_year_then_spatial_group_then_basin
0.05,Q5,10,regularized_power_state_gaussian,regularized_power_gaussian,crps,402,5,11,253865,0.03408879319005924,-0.0056412460285381535,0.18321942604829766,234,True,water_year_then_spatial_group_then_basin
0.05,Q5,10,regularized_power_state_empirical,regularized_power_state_gaussian,crps,402,5,11,253865,0.04821025045829332,0.017071967461407996,0.11931682831403846,284,True,water_year_then_spatial_group_then_basin
0.05,Q5,14,adaptive_heavytail_recession_logistic,training_climatology,brier,255,3,11,165714,0.10042771900135114,0.06018267530102802,0.1417368758273015,241,True,water_year_then_spatial_group_then_basin
0.05,Q5,14,adaptive_heavytail_recession_logistic,persistence,brier,255,3,11,165714,0.02096058512039658,0.005242675920425662,0.029840204517845106,195,True,water_year_then_spatial_group_then_basin
0.05,Q5,14,adaptive_heavytail_recession_logistic,qbin_probability,brier,255,3,11,165714,0.011491479237338138,0.004145530781795303,0.01858122717599306,185,True,water_year_then_spatial_group_then_basin
0.05,Q5,14,adaptive_heavytail_recession_logistic,regularized_power_state_empirical,brier,255,3,11,165714,0.007747922302008058,0.0029522641671951913,0.012364337837057572,173,True,water_year_then_spatial_group_then_basin
0.05,Q5,14,regularized_power_state_gaussian,regularized_power_gaussian,crps,255,3,11,165714,0.04266505930616906,-0.005577426936625182,0.2800405490821941,143,True,water_year_then_spatial_group_then_basin
0.05,Q5,14,regularized_power_state_empirical,regularized_power_state_gaussian,crps,255,3,11,165714,0.04320443518535808,0.00887403193247641,0.12716002147829097,191,True,water_year_then_spatial_group_then_basin
0.05,Q5,21,adaptive_heavytail_recession_logistic,training_climatology,brier,144,2,11,91336,0.09925774785563425,0.0496782166818797,0.14667820623690986,132,True,water_year_then_spatial_group_then_basin
0.05,Q5,21,adaptive_heavytail_recession_logistic,persistence,brier,144,2,11,91336,0.02836051067916543,0.015005030236534208,0.04496898200604001,114,True,water_year_then_spatial_group_then_basin
0.05,Q5,21,adaptive_heavytail_recession_logistic,qbin_probability,brier,144,2,11,91336,0.015373920017355321,0.0038262598803312357,0.024635886846015587,105,True,water_year_then_spatial_group_then_basin
0.05,Q5,21,adaptive_heavytail_recession_logistic,regularized_power_state_empirical,brier,144,2,11,91336,0.009442333104013673,0.003952298522600193,0.019057619428453253,103,True,water_year_then_spatial_group_then_basin
0.05,Q5,21,regularized_power_state_gaussian,regularized_power_gaussian,crps,144,2,11,91336,0.058625111403744115,-0.011208500913299448,0.3347811089536087,74,True,water_year_then_spatial_group_then_basin
0.05,Q5,21,regularized_power_state_empirical,regularized_power_state_gaussian,crps,144,2,11,91336,0.04723616489229574,0.005492871333685279,0.12473310497166638,98,True,water_year_then_spatial_group_then_basin
0.05,Q5,30,adaptive_heavytail_recession_logistic,training_climatology,brier,102,2,10,56093,0.10191489921321222,0.043674228536273736,0.15892095443235268,89,True,water_year_then_spatial_group_then_basin
0.05,Q5,30,adaptive_heavytail_recession_logistic,persistence,brier,102,2,10,56093,0.04046637233972329,0.018768155765240286,0.0795427965400943,85,True,water_year_then_spatial_group_then_basin
0.05,Q5,30,adaptive_heavytail_recession_logistic,qbin_probability,brier,102,2,10,56093,0.017643113441916745,-0.0010776270248175684,0.03197727471339363,74,True,water_year_then_spatial_group_then_basin
0.05,Q5,30,adaptive_heavytail_recession_logistic,regularized_power_state_empirical,brier,102,2,10,56093,0.013177116890791644,0.005809357397253544,0.022914701958035247,77,True,water_year_then_spatial_group_then_basin
0.05,Q5,30,regularized_power_state_gaussian,regularized_power_gaussian,crps,102,2,10,56093,0.07136616337362134,-0.025372796955807943,0.48146881364030103,50,True,water_year_then_spatial_group_then_basin
0.05,Q5,30,regularized_power_state_empirical,regularized_power_state_gaussian,crps,102,2,10,56093,0.04256873685685717,0.004388619678163886,0.10556008921207786,73,True,water_year_then_spatial_group_then_basin
0.1,Q10,1,adaptive_heavytail_recession_logistic,training_climatology,brier,3280,9,11,1924679,0.13700063767250006,0.1120965604576395,0.15643272092074983,3266,True,water_year_then_spatial_group_then_basin
0.1,Q10,1,adaptive_heavytail_recession_logistic,persistence,brier,3280,9,11,1924679,0.003930601406270875,0.0022296951926110854,0.005525913257375221,2839,True,water_year_then_spatial_group_then_basin
0.1,Q10,1,adaptive_heavytail_recession_logistic,qbin_probability,brier,3280,9,11,1924679,0.010255686011855988,0.00822663562218197,0.011857868049945533,2977,True,water_year_then_spatial_group_then_basin
0.1,Q10,1,adaptive_heavytail_recession_logistic,regularized_power_state_empirical,brier,3280,9,11,1924679,0.0,0.0,0.0,0,True,water_year_then_spatial_group_then_basin
0.1,Q10,1,regularized_power_state_gaussian,regularized_power_gaussian,crps,3280,9,11,1924679,0.05186412045640879,0.0048613412242717565,0.1934649706847009,1734,True,water_year_then_spatial_group_then_basin
0.1,Q10,1,regularized_power_state_empirical,regularized_power_state_gaussian,crps,3280,9,11,1924679,0.06146979627084905,0.011175040940925309,0.22754303942564683,2865,True,water_year_then_spatial_group_then_basin
0.1,Q10,2,adaptive_heavytail_recession_logistic,training_climatology,brier,2763,9,11,1479167,0.133032990286565,0.10915092048485117,0.15139185467503016,2740,True,water_year_then_spatial_group_then_basin
0.1,Q10,2,adaptive_heavytail_recession_logistic,persistence,brier,2763,9,11,1479167,0.006188617726389455,0.003535743338335418,0.009159221333012071,2350,True,water_year_then_spatial_group_then_basin
0.1,Q10,2,adaptive_heavytail_recession_logistic,qbin_probability,brier,2763,9,11,1479167,0.007163731541669706,0.0048412626526751715,0.009013219755452322,2368,True,water_year_then_spatial_group_then_basin
0.1,Q10,2,adaptive_heavytail_recession_logistic,regularized_power_state_empirical,brier,2763,9,11,1479167,0.0,0.0,0.0,0,True,water_year_then_spatial_group_then_basin
0.1,Q10,2,regularized_power_state_gaussian,regularized_power_gaussian,crps,2763,9,11,1479167,0.040222142936573516,0.01080608222645951,0.10440699217951338,1564,True,water_year_then_spatial_group_then_basin
0.1,Q10,2,regularized_power_state_empirical,regularized_power_state_gaussian,crps,2763,9,11,1479167,0.09958494193040976,0.014073253382968106,0.33897772286520944,2331,True,water_year_then_spatial_group_then_basin
0.1,Q10,3,adaptive_heavytail_recession_logistic,training_climatology,brier,2171,9,11,1125256,0.1306909230349274,0.10222190265012861,0.1512934294616202,2141,True,water_year_then_spatial_group_then_basin
0.1,Q10,3,adaptive_heavytail_recession_logistic,persistence,brier,2171,9,11,1125256,0.007839826471060555,0.004850369804982616,0.010704966097449734,1791,True,water_year_then_spatial_group_then_basin
0.1,Q10,3,adaptive_heavytail_recession_logistic,qbin_probability,brier,2171,9,11,1125256,0.005532694403538351,0.00309196305351291,0.007256988538832461,1729,True,water_year_then_spatial_group_then_basin
0.1,Q10,3,adaptive_heavytail_recession_logistic,regularized_power_state_empirical,brier,2171,9,11,1125256,0.0,0.0,0.0,0,True,water_year_then_spatial_group_then_basin
0.1,Q10,3,regularized_power_state_gaussian,regularized_power_gaussian,crps,2171,9,11,1125256,0.048962124988080974,0.0028808371264105494,0.13722070163898054,1290,True,water_year_then_spatial_group_then_basin
0.1,Q10,3,regularized_power_state_empirical,regularized_power_state_gaussian,crps,2171,9,11,1125256,0.07219739586522661,0.02012671582046178,0.14480885847274153,1710,True,water_year_then_spatial_group_then_basin
0.1,Q10,5,adaptive_heavytail_recession_logistic,training_climatology,brier,1265,8,11,696720,0.1290167280127315,0.09578864706820824,0.15548042882567403,1235,True,water_year_then_spatial_group_then_basin
0.1,Q10,5,adaptive_heavytail_recession_logistic,persistence,brier,1265,8,11,696720,0.010269436135548218,0.004497428411733037,0.014618343400974097,1012,True,water_year_then_spatial_group_then_basin
0.1,Q10,5,adaptive_heavytail_recession_logistic,qbin_probability,brier,1265,8,11,696720,0.003927222785099644,-0.0009149995280342951,0.006266117290675011,927,True,water_year_then_spatial_group_then_basin
0.1,Q10,5,adaptive_heavytail_recession_logistic,regularized_power_state_empirical,brier,1265,8,11,696720,0.0,0.0,0.0,0,True,water_year_then_spatial_group_then_basin
0.1,Q10,5,regularized_power_state_gaussian,regularized_power_gaussian,crps,1265,8,11,696720,0.0724611164194616,-0.05421869914810279,0.2947339864166537,720,True,water_year_then_spatial_group_then_basin
0.1,Q10,5,regularized_power_state_empirical,regularized_power_state_gaussian,crps,1265,8,11,696720,0.08700814666260351,0.02160848915163135,0.17861432668801133,966,True,water_year_then_spatial_group_then_basin
0.1,Q10,7,adaptive_heavytail_recession_logistic,training_climatology,brier,845,7,11,487478,0.13208208530511845,0.09251391487007142,0.1605980804807709,826,True,water_year_then_spatial_group_then_basin
0.1,Q10,7,adaptive_heavytail_recession_logistic,persistence,brier,845,7,11,487478,0.01573676693932562,0.008848402661471006,0.02075825066790489,670,True,water_year_then_spatial_group_then_basin
0.1,Q10,7,adaptive_heavytail_recession_logistic,qbin_probability,brier,845,7,11,487478,0.006169247014257292,0.0035786222643093978,0.009841550000453295,602,True,water_year_then_spatial_group_then_basin
0.1,Q10,7,adaptive_heavytail_recession_logistic,regularized_power_state_empirical,brier,845,7,11,487478,0.004425979389412782,0.0018984670250887417,0.009727637613531164,514,True,water_year_then_spatial_group_then_basin
0.1,Q10,7,regularized_power_state_gaussian,regularized_power_gaussian,crps,845,7,11,487478,0.04667326261458349,-0.03835346827363205,0.18176422406860626,518,True,water_year_then_spatial_group_then_basin
0.1,Q10,7,regularized_power_state_empirical,regularized_power_state_gaussian,crps,845,7,11,487478,0.0724517070533583,0.02472036341894018,0.14190132476288547,665,True,water_year_then_spatial_group_then_basin
0.1,Q10,10,adaptive_heavytail_recession_logistic,training_climatology,brier,519,5,11,317601,0.13187554415919167,0.09177392554942602,0.1686566836873589,502,True,water_year_then_spatial_group_then_basin
0.1,Q10,10,adaptive_heavytail_recession_logistic,persistence,brier,519,5,11,317601,0.02072113190325707,0.005451734763865727,0.028192779803510367,413,True,water_year_then_spatial_group_then_basin
0.1,Q10,10,adaptive_heavytail_recession_logistic,qbin_probability,brier,519,5,11,317601,0.007446106109133176,0.004598029811504237,0.013543725127846146,382,True,water_year_then_spatial_group_then_basin
0.1,Q10,10,adaptive_heavytail_recession_logistic,regularized_power_state_empirical,brier,519,5,11,317601,0.00610634882468759,0.0033117088180003164,0.009831887444568255,334,True,water_year_then_spatial_group_then_basin
0.1,Q10,10,regularized_power_state_gaussian,regularized_power_gaussian,crps,519,5,11,317601,0.042884569306855976,0.00034977005125885773,0.20798843870221914,304,True,water_year_then_spatial_group_then_basin
0.1,Q10,10,regularized_power_state_empirical,regularized_power_state_gaussian,crps,519,5,11,317601,0.04431975693237704,-0.045337408686481555,0.1170226867863907,373,True,water_year_then_spatial_group_then_basin
0.1,Q10,14,adaptive_heavytail_recession_logistic,training_climatology,brier,322,3,11,203699,0.1345866307898754,0.08921535649113059,0.17221732675890433,307,True,water_year_then_spatial_group_then_basin
0.1,Q10,14,adaptive_heavytail_recession_logistic,persistence,brier,322,3,11,203699,0.028694545563889867,0.004372928248787594,0.04050446737252435,268,True,water_year_then_spatial_group_then_basin
0.1,Q10,14,adaptive_heavytail_recession_logistic,qbin_probability,brier,322,3,11,203699,0.00869598587741815,0.004223256174688462,0.013752925525316947,241,True,water_year_then_spatial_group_then_basin
0.1,Q10,14,adaptive_heavytail_recession_logistic,regularized_power_state_empirical,brier,322,3,11,203699,0.009087868671371818,0.0008293801007686806,0.013342346488463738,234,True,water_year_then_spatial_group_then_basin
0.1,Q10,14,regularized_power_state_gaussian,regularized_power_gaussian,crps,322,3,11,203699,0.07919539858152136,0.0003013435416638636,0.42928855012528866,176,True,water_year_then_spatial_group_then_basin
0.1,Q10,14,regularized_power_state_empirical,regularized_power_state_gaussian,crps,322,3,11,203699,0.05219686955457618,0.002075738755887174,0.16197097740252459,242,True,water_year_then_spatial_group_then_basin
0.1,Q10,21,adaptive_heavytail_recession_logistic,training_climatology,brier,180,2,11,111954,0.13435006463032623,0.09310163314835815,0.17592655143749675,166,True,water_year_then_spatial_group_then_basin
0.1,Q10,21,adaptive_heavytail_recession_logistic,persistence,brier,180,2,11,111954,0.04026051265099979,0.025045787445644976,0.07089508287152449,158,True,water_year_then_spatial_group_then_basin
0.1,Q10,21,adaptive_heavytail_recession_logistic,qbin_probability,brier,180,2,11,111954,0.01162008996663793,0.004733484603684254,0.018181629268422046,130,True,water_year_then_spatial_group_then_basin
0.1,Q10,21,adaptive_heavytail_recession_logistic,regularized_power_state_empirical,brier,180,2,11,111954,0.012128808436887116,0.0065240223899297655,0.022187227355444022,142,True,water_year_then_spatial_group_then_basin
0.1,Q10,21,regularized_power_state_gaussian,regularized_power_gaussian,crps,180,2,11,111954,0.12798157977226474,-0.006721438407106169,0.6383699218124457,93,True,water_year_then_spatial_group_then_basin
0.1,Q10,21,regularized_power_state_empirical,regularized_power_state_gaussian,crps,180,2,11,111954,0.059310351169283716,-0.010423356379241053,0.18484931653030692,121,True,water_year_then_spatial_group_then_basin
0.1,Q10,30,adaptive_heavytail_recession_logistic,training_climatology,brier,129,2,10,70703,0.1307165373941362,0.08377548242047991,0.18119121715574385,118,True,water_year_then_spatial_group_then_basin
0.1,Q10,30,adaptive_heavytail_recession_logistic,persistence,brier,129,2,10,70703,0.05258120623794219,0.025899901135985864,0.11794021303263381,106,True,water_year_then_spatial_group_then_basin
0.1,Q10,30,adaptive_heavytail_recession_logistic,qbin_probability,brier,129,2,10,70703,0.013857890409000958,0.0009549819561705995,0.02405336948614545,95,True,water_year_then_spatial_group_then_basin
0.1,Q10,30,adaptive_heavytail_recession_logistic,regularized_power_state_empirical,brier,129,2,10,70703,0.016103212793406672,0.008997003737359285,0.03338099426803255,109,True,water_year_then_spatial_group_then_basin
0.1,Q10,30,regularized_power_state_gaussian,regularized_power_gaussian,crps,129,2,10,70703,0.20181906503349978,-0.016051017134957768,0.9976503903490974,64,True,water_year_then_spatial_group_then_basin
0.1,Q10,30,regularized_power_state_empirical,regularized_power_state_gaussian,crps,129,2,10,70703,0.05420976252673574,-0.012693730173291009,0.14186808491341707,86,True,water_year_then_spatial_group_then_basin
0.2,Q20,1,adaptive_heavytail_recession_logistic,training_climatology,brier,3716,9,11,2172274,0.19215273135718428,0.1736831154183007,0.20684681051430368,3710,True,water_year_then_spatial_group_then_basin
0.2,Q20,1,adaptive_heavytail_recession_logistic,persistence,brier,3716,9,11,2172274,0.005296688696639535,0.0035152707088032305,0.007332781652627875,3351,True,water_year_then_spatial_group_then_basin
0.2,Q20,1,adaptive_heavytail_recession_logistic,qbin_probability,brier,3716,9,11,2172274,0.008663559534733956,0.007280903937249377,0.00999435304930712,3363,True,water_year_then_spatial_group_then_basin
0.2,Q20,1,adaptive_heavytail_recession_logistic,regularized_power_state_empirical,brier,3716,9,11,2172274,0.0,0.0,0.0,0,True,water_year_then_spatial_group_then_basin
0.2,Q20,1,regularized_power_state_gaussian,regularized_power_gaussian,crps,3716,9,11,2172274,0.13201987622339179,0.0063892304411846575,0.6365763160929088,1980,True,water_year_then_spatial_group_then_basin
0.2,Q20,1,regularized_power_state_empirical,regularized_power_state_gaussian,crps,3716,9,11,2172274,0.06945126709937896,0.012271950445552541,0.22035827397028637,3261,True,water_year_then_spatial_group_then_basin
0.2,Q20,2,adaptive_heavytail_recession_logistic,training_climatology,brier,3164,9,11,1678411,0.1840531334082564,0.164447746999534,0.19799247385708846,3150,True,water_year_then_spatial_group_then_basin
0.2,Q20,2,adaptive_heavytail_recession_logistic,persistence,brier,3164,9,11,1678411,0.008440564537847221,0.005332463683786374,0.012152386371481326,2792,True,water_year_then_spatial_group_then_basin
0.2,Q20,2,adaptive_heavytail_recession_logistic,qbin_probability,brier,3164,9,11,1678411,0.005241741909368418,0.003186907258841156,0.0068438946841134895,2658,True,water_year_then_spatial_group_then_basin
0.2,Q20,2,adaptive_heavytail_recession_logistic,regularized_power_state_empirical,brier,3164,9,11,1678411,0.0,0.0,0.0,0,True,water_year_then_spatial_group_then_basin
0.2,Q20,2,regularized_power_state_gaussian,regularized_power_gaussian,crps,3164,9,11,1678411,0.30609718679721776,0.014972314956104297,1.3996760155493537,1807,True,water_year_then_spatial_group_then_basin
0.2,Q20,2,regularized_power_state_empirical,regularized_power_state_gaussian,crps,3164,9,11,1678411,0.12531032660571792,0.01641359050061126,0.3863602548572285,2682,True,water_year_then_spatial_group_then_basin
0.2,Q20,3,adaptive_heavytail_recession_logistic,training_climatology,brier,2527,9,11,1287298,0.1771712994515016,0.15577361698671244,0.19388749746120498,2511,True,water_year_then_spatial_group_then_basin
0.2,Q20,3,adaptive_heavytail_recession_logistic,persistence,brier,2527,9,11,1287298,0.010315149870235829,0.006452957227592269,0.015239274500404389,2175,True,water_year_then_spatial_group_then_basin
0.2,Q20,3,adaptive_heavytail_recession_logistic,qbin_probability,brier,2527,9,11,1287298,0.0030588210368303727,0.0005639078139321489,0.004978412696135835,1992,True,water_year_then_spatial_group_then_basin
0.2,Q20,3,adaptive_heavytail_recession_logistic,regularized_power_state_empirical,brier,2527,9,11,1287298,0.0,0.0,0.0,0,True,water_year_then_spatial_group_then_basin
0.2,Q20,3,regularized_power_state_gaussian,regularized_power_gaussian,crps,2527,9,11,1287298,0.4464090524061782,0.0057930667141355705,2.4972780005566046,1512,True,water_year_then_spatial_group_then_basin
0.2,Q20,3,regularized_power_state_empirical,regularized_power_state_gaussian,crps,2527,9,11,1287298,0.12807088927281224,0.019174877782977072,0.3235125084299812,1995,True,water_year_then_spatial_group_then_basin
0.2,Q20,5,adaptive_heavytail_recession_logistic,training_climatology,brier,1521,8,11,806013,0.16867172382116233,0.14297234385681332,0.18915389652398304,1504,True,water_year_then_spatial_group_then_basin
0.2,Q20,5,adaptive_heavytail_recession_logistic,persistence,brier,1521,8,11,806013,0.013385691643661048,0.006406601243979636,0.02015398333628357,1250,True,water_year_then_spatial_group_then_basin
0.2,Q20,5,adaptive_heavytail_recession_logistic,qbin_probability,brier,1521,8,11,806013,0.000797061081773479,-0.003167958586345949,0.0031424701075333005,1072,True,water_year_then_spatial_group_then_basin
0.2,Q20,5,adaptive_heavytail_recession_logistic,regularized_power_state_empirical,brier,1521,8,11,806013,0.0,0.0,0.0,0,True,water_year_then_spatial_group_then_basin
0.2,Q20,5,regularized_power_state_gaussian,regularized_power_gaussian,crps,1521,8,11,806013,0.9986804600051779,0.013630924234512369,5.111624776346449,871,True,water_year_then_spatial_group_then_basin
0.2,Q20,5,regularized_power_state_empirical,regularized_power_state_gaussian,crps,1521,8,11,806013,0.16227993065350543,0.02512505494801215,0.4143895748600965,1172,True,water_year_then_spatial_group_then_basin
0.2,Q20,7,adaptive_heavytail_recession_logistic,training_climatology,brier,1009,7,11,560538,0.1692550915850508,0.14345435046032584,0.19271583939800202,1003,True,water_year_then_spatial_group_then_basin
0.2,Q20,7,adaptive_heavytail_recession_logistic,persistence,brier,1009,7,11,560538,0.02097615028627492,0.014127193140902156,0.029760363933158597,832,True,water_year_then_spatial_group_then_basin
0.2,Q20,7,adaptive_heavytail_recession_logistic,qbin_probability,brier,1009,7,11,560538,0.004430950767736949,0.0023560186968802385,0.0073339473313234925,711,True,water_year_then_spatial_group_then_basin
0.2,Q20,7,adaptive_heavytail_recession_logistic,regularized_power_state_empirical,brier,1009,7,11,560538,0.005483684752725209,0.0031566101525598526,0.010064586092036056,641,True,water_year_then_spatial_group_then_basin
0.2,Q20,7,regularized_power_state_gaussian,regularized_power_gaussian,crps,1009,7,11,560538,1.6358791141947457,0.014761154405015487,9.0583275001987,615,True,water_year_then_spatial_group_then_basin
0.2,Q20,7,regularized_power_state_empirical,regularized_power_state_gaussian,crps,1009,7,11,560538,0.16598895709808215,0.028960358038017695,0.5152560811078392,788,True,water_year_then_spatial_group_then_basin
0.2,Q20,10,adaptive_heavytail_recession_logistic,training_climatology,brier,611,5,11,364243,0.16580300238875903,0.1361020095855093,0.18955011114938153,602,True,water_year_then_spatial_group_then_basin
0.2,Q20,10,adaptive_heavytail_recession_logistic,persistence,brier,611,5,11,364243,0.027816482147129375,0.016481000383167674,0.03745064918421525,512,True,water_year_then_spatial_group_then_basin
0.2,Q20,10,adaptive_heavytail_recession_logistic,qbin_probability,brier,611,5,11,364243,0.005605762024836508,0.002729014017337887,0.009531216583567996,450,True,water_year_then_spatial_group_then_basin
0.2,Q20,10,adaptive_heavytail_recession_logistic,regularized_power_state_empirical,brier,611,5,11,364243,0.007777551754654233,0.004812347491477649,0.01185620473552055,427,True,water_year_then_spatial_group_then_basin
0.2,Q20,10,regularized_power_state_gaussian,regularized_power_gaussian,crps,611,5,11,364243,0.036227343115425796,-0.000501688000566298,0.17108667907740918,346,True,water_year_then_spatial_group_then_basin
0.2,Q20,10,regularized_power_state_empirical,regularized_power_state_gaussian,crps,611,5,11,364243,0.048075914014564604,-0.02978851658070773,0.11057521086675347,437,True,water_year_then_spatial_group_then_basin
0.2,Q20,14,adaptive_heavytail_recession_logistic,training_climatology,brier,386,3,11,235904,0.16429277034605,0.1385727863703703,0.19713078552292115,380,True,water_year_then_spatial_group_then_basin
0.2,Q20,14,adaptive_heavytail_recession_logistic,persistence,brier,386,3,11,235904,0.03658566512047883,0.02378945233874149,0.05070394506254298,331,True,water_year_then_spatial_group_then_basin
0.2,Q20,14,adaptive_heavytail_recession_logistic,qbin_probability,brier,386,3,11,235904,0.005873336723332547,0.0015590198759745922,0.009345970693670103,278,True,water_year_then_spatial_group_then_basin
0.2,Q20,14,adaptive_heavytail_recession_logistic,regularized_power_state_empirical,brier,386,3,11,235904,0.010748667283379821,0.004948657890373615,0.015163396120287172,286,True,water_year_then_spatial_group_then_basin
0.2,Q20,14,regularized_power_state_gaussian,regularized_power_gaussian,crps,386,3,11,235904,0.06715302445326894,-0.003052024428533657,0.45566217488025546,217,True,water_year_then_spatial_group_then_basin
0.2,Q20,14,regularized_power_state_empirical,regularized_power_state_gaussian,crps,386,3,11,235904,0.051387316965728146,0.006898244064171354,0.14323452231331774,285,True,water_year_then_spatial_group_then_basin
0.2,Q20,21,adaptive_heavytail_recession_logistic,training_climatology,brier,211,2,11,127462,0.16385564639169595,0.1376569317723931,0.19057754323064938,205,True,water_year_then_spatial_group_then_basin
0.2,Q20,21,adaptive_heavytail_recession_logistic,persistence,brier,211,2,11,127462,0.055594238918932004,0.03867648212919492,0.09058745240561002,183,True,water_year_then_spatial_group_then_basin
0.2,Q20,21,adaptive_heavytail_recession_logistic,qbin_probability,brier,211,2,11,127462,0.009788639875434475,0.004027442907722175,0.01833959574461318,155,True,water_year_then_spatial_group_then_basin
0.2,Q20,21,adaptive_heavytail_recession_logistic,regularized_power_state_empirical,brier,211,2,11,127462,0.014743497489451847,0.007374218334028421,0.02421718061718309,169,True,water_year_then_spatial_group_then_basin
0.2,Q20,21,regularized_power_state_gaussian,regularized_power_gaussian,crps,211,2,11,127462,0.11326222281344277,-0.01585565679019075,0.5810898348214696,107,True,water_year_then_spatial_group_then_basin
0.2,Q20,21,regularized_power_state_empirical,regularized_power_state_gaussian,crps,211,2,11,127462,0.045541378217335116,-0.013290227431097859,0.14675804349177243,133,True,water_year_then_spatial_group_then_basin
0.2,Q20,30,adaptive_heavytail_recession_logistic,training_climatology,brier,144,2,10,78380,0.15303002175707914,0.12443450603827644,0.19661841942255326,140,True,water_year_then_spatial_group_then_basin
0.2,Q20,30,adaptive_heavytail_recession_logistic,persistence,brier,144,2,10,78380,0.08019299887422505,0.050960946783888815,0.1723886968295648,127,True,water_year_then_spatial_group_then_basin
0.2,Q20,30,adaptive_heavytail_recession_logistic,qbin_probability,brier,144,2,10,78380,0.010721420790583705,0.0036781260010005424,0.019318553480246366,104,True,water_year_then_spatial_group_then_basin
0.2,Q20,30,adaptive_heavytail_recession_logistic,regularized_power_state_empirical,brier,144,2,10,78380,0.016635115330475153,0.008618650773727053,0.029203838333757347,113,True,water_year_then_spatial_group_then_basin
0.2,Q20,30,regularized_power_state_gaussian,regularized_power_gaussian,crps,144,2,10,78380,0.19051424931679892,-0.01057054237366907,0.9525377858943814,70,True,water_year_then_spatial_group_then_basin
0.2,Q20,30,regularized_power_state_empirical,regularized_power_state_gaussian,crps,144,2,10,78380,0.041510959125515695,-0.021800802852048693,0.12203172221267267,96,True,water_year_then_spatial_group_then_basin
