bootstrap_scheme,metric,bootstrap_valid,ci_low_2p5,bootstrap_median,ci_high_97p5,bootstrap_requested
basin_iid,median_m_all_paired,2000,1.9175473017170304,1.9473030167981138,1.9888999792818784,2000
basin_iid,median_m_decline,2000,2.20993504776917,2.2481280328225326,2.2822454266517638,2000
basin_iid,median_two_b,2000,2.4115891305406114,2.460030807149013,2.4956641486039843,2000
basin_iid,median_delta_m_decline_minus_2b,2000,-0.20587585046195034,-0.19365003387528734,-0.17851663171857748,2000
basin_iid,median_delta_m_all_minus_2b,2000,-0.5070991816643354,-0.4884997413379204,-0.46871382706895603,2000
basin_iid,median_selection_shift_m_decline_minus_all,2000,0.2429586553001351,0.26169234592434343,0.2759662805473053,2000
basin_iid,median_gamma_direct,2000,-0.33246128543460973,-0.3208985933551405,-0.303326762316163,2000
basin_iid,median_gamma_algebraic,2000,-0.2058758504619509,-0.19365003387528743,-0.1785166317185769,2000
basin_iid,median_direct_reconstruction_error,2000,0.09296171065432546,0.1010860690347557,0.1087191198649577,2000
basin_iid,median_absolute_direct_reconstruction_error,2000,0.10442722766847057,0.11329295995088451,0.12043826657974366,2000
basin_iid,spearman_m_decline_vs_2b,2000,0.9154228992195943,0.9244656582408133,0.9319683969920352,2000
basin_iid,lin_concordance_m_decline_vs_2b,2000,0.9017039816604998,0.9177610508627859,0.9330949758990394,2000
basin_iid,fraction_abs_delta_decline_le_0p25,2000,0.5306505366232257,0.5517158448192931,0.5740092589925767,2000
basin_iid,median_m_negative_conditional_minus_m_decline,2000,0.0004918950409131817,0.0056672211709349885,0.011395700041685997,2000
basin_iid,median_m_remainder_minus_m_negative_conditional,2000,-0.6791550563115906,-0.6475443542240076,-0.6148139958992973,2000
basin_iid,fraction_wy_delta_ci_contains_zero,2000,0.33601609657947684,0.35601311389093004,0.3774059964909808,2000
basin_iid,fraction_wy_delta_ci_below_zero,2000,0.574005539488713,0.5948616600790514,0.6146311612088063,2000
basin_iid,fraction_wy_delta_ci_above_zero,2000,0.040098257444534886,0.04879865483632513,0.05876398072096907,2000
basin_iid,fraction_wy_gamma_direct_ci_contains_zero,2000,0.21893768634643862,0.2372461614660723,0.256116619128684,2000
basin_iid,fraction_wy_gamma_direct_ci_below_zero,2000,0.7093363308126752,0.7290433752378285,0.7480330386618593,2000
basin_iid,fraction_wy_gamma_direct_ci_above_zero,2000,0.025985387166835325,0.033719174635128336,0.042073267666260426,2000
basin_iid,median_weighted_negative_within_share,2000,0.5569879623071684,0.5743981866389293,0.5918561113912622,2000
basin_iid,median_weighted_negative_within_share_theory_paired,2000,0.6547877756535097,0.6824689478150646,0.7109056245592431,2000
basin_iid,median_weighted_positive_within_share,2000,0.11221320628183691,0.1217615494859486,0.1313488072009778,2000
basin_iid,median_weighted_positive_within_share_theory_paired,2000,0.06581763573244913,0.07947852122542425,0.08956318831105906,2000
basin_iid,median_weighted_between_sign_share,2000,0.21859922622924338,0.2261741684133067,0.2359514991095895,2000
basin_iid,median_weighted_between_sign_share_theory_paired,2000,0.15988892989373782,0.1740553908889071,0.18918475975846227,2000
basin_iid,median_weighted_remainder_beyond_negative_within_share,2000,0.40814388860873796,0.4256018133610706,0.4430120376928313,2000
basin_iid,median_weighted_remainder_beyond_negative_within_share_theory_paired,2000,0.2890943754407567,0.31753105218493566,0.3452122243464904,2000
basin_iid,median_bin_negative_within_share,2000,0.30579008893876053,0.31381747026011636,0.32189837306968755,2000
basin_iid,median_bin_negative_within_share_theory_paired,2000,0.32841037037826426,0.33911737943691733,0.3542188230928253,2000
basin_iid,median_bin_positive_within_share,2000,0.1697650169734257,0.17717980986994014,0.18524298259030247,2000
basin_iid,median_bin_positive_within_share_theory_paired,2000,0.1447830399465397,0.1546833544217769,0.1667678648661866,2000
basin_iid,median_bin_between_sign_share,2000,0.38253555806185524,0.38656358412587655,0.3912916541329384,2000
basin_iid,median_bin_between_sign_share_theory_paired,2000,0.3585475153362581,0.3641201926479156,0.37065043846175705,2000
basin_iid,median_pooled_positive_transition_fraction,2000,0.19675490436655624,0.20145464599508559,0.2063423110338836,2000
basin_iid,median_pooled_positive_transition_fraction_theory_paired,2000,0.16123269316659222,0.1668965287870864,0.17406749555950266,2000
basin_iid,median_m_negative_conditional,2000,2.1848002672219877,2.209336067784255,2.2329093235096367,2000
basin_iid,median_m_negative_conditional_theory_paired,2000,2.1940878733496922,2.2322047261179594,2.269565104176084,2000
basin_iid,median_m_positive_conditional,2000,1.3890221492187338,1.4286190057445072,1.4724923982122768,2000
basin_iid,median_m_positive_conditional_theory_paired,2000,1.4914893321023455,1.548140625900885,1.6041591772128971,2000
basin_iid,median_m_negative_within_contribution,2000,2.333734994682151,2.3651609727977267,2.3947318434213627,2000
basin_iid,median_m_negative_within_contribution_theory_paired,2000,2.328755760114005,2.3746700928728397,2.4055029083220476,2000
basin_iid,median_m_positive_within_contribution,2000,1.0691916169255817,1.1078753861910702,1.1510062659806792,2000
basin_iid,median_m_positive_within_contribution_theory_paired,2000,1.1828161512776747,1.2427128276971733,1.2946676849566423,2000
basin_iid,median_m_between_sign_contribution,2000,1.6148309310529274,1.6380952804426903,1.6664658054311645,2000
basin_iid,median_m_between_sign_contribution_theory_paired,2000,1.6483460186957457,1.6860376457460364,1.722236207576624,2000
basin_iid,median_m_remainder_beyond_negative_within,2000,1.4517569025878678,1.480268968068172,1.509654693519554,2000
basin_iid,median_m_remainder_beyond_negative_within_theory_paired,2000,1.5084610333069306,1.5519794374265607,1.5918732171436696,2000
macro_ecoregion_cluster,median_m_all_paired,2000,1.743552716715161,1.948349433312059,2.1279351839520806,2000
macro_ecoregion_cluster,median_m_decline,2000,2.04644445753072,2.2473733610467255,2.4347133787443687,2000
macro_ecoregion_cluster,median_two_b,2000,2.1720413150646314,2.458792688225092,2.7671378968704423,2000
macro_ecoregion_cluster,median_delta_m_decline_minus_2b,2000,-0.3133839428228272,-0.19336308361457777,-0.11031736388752747,2000
macro_ecoregion_cluster,median_delta_m_all_minus_2b,2000,-0.5950793153142482,-0.4841098900860155,-0.3949031393665979,2000
macro_ecoregion_cluster,median_selection_shift_m_decline_minus_all,2000,0.2295422684463064,0.25766158165848396,0.2876620197858648,2000
macro_ecoregion_cluster,median_gamma_direct,2000,-0.44353331828581893,-0.3230425354235309,-0.20497843970060883,2000
macro_ecoregion_cluster,median_gamma_algebraic,2000,-0.3133839428228267,-0.1933630836145776,-0.1103173638875273,2000
macro_ecoregion_cluster,median_direct_reconstruction_error,2000,0.07704438548765691,0.10151835245474561,0.12621272831997174,2000
macro_ecoregion_cluster,median_absolute_direct_reconstruction_error,2000,0.09063369597098334,0.11379023809833488,0.13665923294432136,2000
macro_ecoregion_cluster,spearman_m_decline_vs_2b,2000,0.9002510155971388,0.925180150372741,0.9359068594038038,2000
macro_ecoregion_cluster,lin_concordance_m_decline_vs_2b,2000,0.8631635627576589,0.9169419446244476,0.9306994914000767,2000
macro_ecoregion_cluster,fraction_abs_delta_decline_le_0p25,2000,0.3894586745202028,0.5572925346244793,0.717930496374374,2000
macro_ecoregion_cluster,median_m_negative_conditional_minus_m_decline,2000,-0.012896691348004845,0.006317939793978322,0.020388818567441794,2000
macro_ecoregion_cluster,median_m_remainder_minus_m_negative_conditional,2000,-0.795977378732487,-0.6471787489925052,-0.5326327953871928,2000
macro_ecoregion_cluster,fraction_wy_delta_ci_contains_zero,2000,0.24416222707880936,0.3568159956504768,0.4688652515872263,2000
macro_ecoregion_cluster,fraction_wy_delta_ci_below_zero,2000,0.4528981441404601,0.5967619063221874,0.7305568371287693,2000
macro_ecoregion_cluster,fraction_wy_delta_ci_above_zero,2000,0.023326546800634583,0.04738534574702689,0.08227306159609227,2000
macro_ecoregion_cluster,fraction_wy_gamma_direct_ci_contains_zero,2000,0.14799893264630107,0.23547075235257955,0.3225659977469785,2000
macro_ecoregion_cluster,fraction_wy_gamma_direct_ci_below_zero,2000,0.6167963248218817,0.7334939759036144,0.8345389822158199,2000
macro_ecoregion_cluster,fraction_wy_gamma_direct_ci_above_zero,2000,0.011979413020154359,0.031835556500038144,0.06341235262663193,2000
macro_ecoregion_cluster,median_weighted_negative_within_share,2000,0.40894165707963365,0.5821017869559306,0.7728867336983215,2000
macro_ecoregion_cluster,median_weighted_negative_within_share_theory_paired,2000,0.45607081002304656,0.6926559222309012,0.8839036495828423,2000
macro_ecoregion_cluster,median_weighted_positive_within_share,2000,0.03978482344244172,0.11747258241491859,0.19229353183934894,2000
macro_ecoregion_cluster,median_weighted_positive_within_share_theory_paired,2000,0.0153458825110524,0.07267935623730878,0.17698631445833884,2000
macro_ecoregion_cluster,median_weighted_between_sign_share,2000,0.14835856591386604,0.2231701886806172,0.323681846441423,2000
macro_ecoregion_cluster,median_weighted_between_sign_share_theory_paired,2000,0.08483524552234238,0.1704123659430405,0.28554697450479655,2000
macro_ecoregion_cluster,median_weighted_remainder_beyond_negative_within_share,2000,0.2271132663016785,0.41789821304406916,0.5910583429203663,2000
macro_ecoregion_cluster,median_weighted_remainder_beyond_negative_within_share_theory_paired,2000,0.11609635041715798,0.3073440777690989,0.5439291899769537,2000
macro_ecoregion_cluster,median_bin_negative_within_share,2000,0.2587500899166314,0.31548920241856193,0.4299390674497756,2000
macro_ecoregion_cluster,median_bin_negative_within_share_theory_paired,2000,0.26681601302236496,0.34045167763570383,0.5154499790162729,2000
macro_ecoregion_cluster,median_bin_positive_within_share,2000,0.08732629656129938,0.1756278729785057,0.2323244628501611,2000
macro_ecoregion_cluster,median_bin_positive_within_share_theory_paired,2000,0.05547469473200965,0.1540023294100781,0.2307842605776708,2000
macro_ecoregion_cluster,median_bin_between_sign_share,2000,0.3638803782425327,0.3866120129535051,0.40992672706051164,2000
macro_ecoregion_cluster,median_bin_between_sign_share_theory_paired,2000,0.33142626971743344,0.3641201926479156,0.3899821545075516,2000
macro_ecoregion_cluster,median_pooled_positive_transition_fraction,2000,0.14086482928606564,0.19995420492708016,0.24786914982570188,2000
macro_ecoregion_cluster,median_pooled_positive_transition_fraction_theory_paired,2000,0.1083509513742072,0.16640060408034224,0.2230274386049853,2000
macro_ecoregion_cluster,median_m_negative_conditional,2000,2.0889778489980166,2.2099879599910484,2.3216271420287797,2000
macro_ecoregion_cluster,median_m_negative_conditional_theory_paired,2000,2.060273371788307,2.2322047261179594,2.4067703090373045,2000
macro_ecoregion_cluster,median_m_positive_conditional,2000,1.2031561508276236,1.4181239823474705,1.656240722399988,2000
macro_ecoregion_cluster,median_m_positive_conditional_theory_paired,2000,1.3241202771691212,1.532482348628142,1.7505518444790968,2000
macro_ecoregion_cluster,median_m_negative_within_contribution,2000,2.2196939828609947,2.367755711197433,2.4742195167037146,2000
macro_ecoregion_cluster,median_m_negative_within_contribution_theory_paired,2000,2.180052176507249,2.368110305123535,2.5378927774629774,2000
macro_ecoregion_cluster,median_m_positive_within_contribution,2000,0.7411631157774308,1.0959958054084518,1.4224057414041902,2000
macro_ecoregion_cluster,median_m_positive_within_contribution_theory_paired,2000,0.9321281313717231,1.2280443694744934,1.504445102650865,2000
macro_ecoregion_cluster,median_m_between_sign_contribution,2000,1.4680405958467315,1.6339507040514176,1.8376516790566424,2000
macro_ecoregion_cluster,median_m_between_sign_contribution_theory_paired,2000,1.4957312853956137,1.6772473933388226,1.89104469950206,2000
macro_ecoregion_cluster,median_m_remainder_beyond_negative_within,2000,1.317469314207236,1.4724467965765802,1.6839516772832603,2000
macro_ecoregion_cluster,median_m_remainder_beyond_negative_within_theory_paired,2000,1.3668925938921768,1.5448834855674538,1.763323493779054,2000
