metric,estimate,n_basin
median_m_all_paired,1.9473152387957409,2033
median_m_decline,2.2483936306144843,2033
median_two_b,2.4607780922482423,2033
median_delta_m_decline_minus_2b,-0.19388627026527772,2033
median_delta_m_all_minus_2b,-0.4888741077092691,2033
median_selection_shift_m_decline_minus_all,0.26164781445686414,2033
median_gamma_direct,-0.3208985933551405,2033
median_gamma_algebraic,-0.1938862702652781,2033
median_direct_reconstruction_error,0.1010860690347557,2033
median_absolute_direct_reconstruction_error,0.11329857900941787,2033
spearman_m_decline_vs_2b,0.9244085870823329,2033
lin_concordance_m_decline_vs_2b,0.918267532018442,2033
fraction_abs_delta_decline_le_0p25,0.5518937530742745,2033
median_m_negative_conditional_minus_m_decline,0.0056672211709349885,2033
median_m_remainder_minus_m_negative_conditional,-0.6471787489925052,2033
fraction_wy_delta_ci_contains_zero,0.35590706870983685,2023
fraction_wy_delta_ci_below_zero,0.5951557093425606,2023
fraction_wy_delta_ci_above_zero,0.04893722194760257,2023
fraction_wy_gamma_direct_ci_contains_zero,0.23727137913989124,2023
fraction_wy_gamma_direct_ci_below_zero,0.7291151754819575,2023
fraction_wy_gamma_direct_ci_above_zero,0.03361344537815126,2023
median_weighted_negative_within_share,0.5742426265068994,3727
median_weighted_negative_within_share_theory_paired,0.6824689478150646,2033
median_weighted_positive_within_share,0.1217615494859486,3727
median_weighted_positive_within_share_theory_paired,0.07932171435817811,2033
median_weighted_between_sign_share,0.22689447513194194,3727
median_weighted_between_sign_share_theory_paired,0.1744050665163864,2033
median_weighted_remainder_beyond_negative_within_share,0.42575737349310067,3727
median_weighted_remainder_beyond_negative_within_share_theory_paired,0.31753105218493566,2033
median_bin_negative_within_share,0.3138562860059102,3727
median_bin_negative_within_share_theory_paired,0.3392800820037226,2033
median_bin_positive_within_share,0.17716248907013182,3727
median_bin_positive_within_share_theory_paired,0.15439710076827784,2033
median_bin_between_sign_share,0.3866604417811337,3727
median_bin_between_sign_share_theory_paired,0.3641201926479156,2033
median_pooled_positive_transition_fraction,0.20144110275689223,3727
median_pooled_positive_transition_fraction_theory_paired,0.1667508842849924,2033
median_m_negative_conditional,2.209681337673083,3727
median_m_negative_conditional_theory_paired,2.2322047261179594,2033
median_m_positive_conditional,1.430486511628606,3719
median_m_positive_conditional_theory_paired,1.5482823626942996,2025
median_m_negative_within_contribution,2.3652531339448073,3727
median_m_negative_within_contribution_theory_paired,2.3746700928728397,2033
median_m_positive_within_contribution,1.1083473791873484,3719
median_m_positive_within_contribution_theory_paired,1.2425307111505948,2025
median_m_between_sign_contribution,1.6393856102837792,3727
median_m_between_sign_contribution_theory_paired,1.6863896612796374,2033
median_m_remainder_beyond_negative_within,1.480439295892256,3727
median_m_remainder_beyond_negative_within_theory_paired,1.551562035373977,2033
