path,bytes,sha256
.gitattributes,190,94be921ef3929739e20bc446d0c951b0f8c2babc261f452cb7350e7b331e652c
.github/workflows/ci.yml,465,dee7c3a50177bf57e4055bd95ca9f93fb085fa9f73c880497ba6950c3b453ba6
.gitignore,157,3aa0743a838c0f3c8f1b521967389ee95b6903416f2baad239479379d025cfc0
CITATION.cff,809,49e3e194cce816c174e5b8409fd2271c668e4e2c785a657be7e759bb428a2482
Makefile,1342,32ba3a0c9be1298ea679c96271735f0f9b71882d844ef25aefe5a957ad1ab790
README.md,11668,3da3bfabbd848a7232ff72479a843ba56b1d4914344cbb3e927e7532331be9a9
config/full_study.json,5604,070b18bcc61eec839e9104e54494f2f2c5838f4f62ae42483c95f6c5fcf6ffa4
data/README.md,311,208bac802d8ccd852137dff9415859d0f2f5f03d17f13a36f3c2f2a4793f5138
data/derived/basin_distribution.csv.gz,556422,580ddb08d88a1e685c28ffd5703bb2a8de8edc9a26ad168750747d9d93618f7b
data/derived/basin_place_metrics.csv.gz,267955,6d9410dd54785ed9cd3eef81dabed207f55497fd37f09f20897fa0523da4ee65
data/derived/basin_prediction_q10.csv.gz,1398133,8da1a1a7053efb49debcc68c3cdca6cedbc042dbc5a0086444029c92c9e4a3cc
data/derived/basin_sample.csv.gz,113533,ff32bb6aebfc8ec8620b2b167a264ce3e6a9116c5d8ab4dbe19c466849f68496
data/derived/basin_scaling.csv.gz,434573,fc769d20dc6c19ef411ad74778da833885291f25df437eceffd4db1743297820
data/derived/basin_signed_tails.csv.gz,330015,e91913aa9bc5f3aab4d56264ae3d585af14149c86456dcc0fb89d8997111eae0
data/derived/basin_theory_bridge.csv.gz,473605,6f4c1115ed02fc4b2eff578839ad6c40f892fc1e48c48679d04c3d3f78535537
data/derived/distribution_population_summary.csv,1276,f8ee24ed47633a00125370ce29d960e6fe89c3aa2e2dc815718e7f722326c67e
data/derived/prediction_skill_summary.csv,128091,2b814d77a8752711be7030ab76a57ff2dac8039ca2ff49e9c3982adbafddb735
data/derived/prediction_water_year_summary.csv,32804,133b6b3c2002789c6d0f269ed3ad021cfa9b242463170af2b2f7063925834c80
data/derived/robust_scale_population_summary.csv,884,d6856e07fdade7d0ba13378ead6e81de8304fdf1d04fbd15a8272f6418fa74e2
data/derived/scaling_lag_stability.csv,316,175f3b94ff826237b0592eae07ef260e648d1d31c783430d9598770953d59948
data/derived/scaling_meta_analysis.csv,1193,7c184747b02aaf8b66ece4612549c664cf45cda4c2c97fa7efcdd6463c1dd857
data/derived/scaling_population_summary.csv,1809,e290846544decf74e22539321eced7a69f1f8fb91ffbde21aebb5b413e7b10e5
data/derived/signed_tail_population_summary.csv,2376,a1de7101160fac995d5a6a9d375bbbb0fe9badd9bffc37e70e71cc78e96c39de
data/derived/theory_bootstrap_intervals.csv,12261,3b17f097dc5eb1ed3d3991f11ff6526481bec91c86c5b437878d94219cfd52c8
data/derived/theory_point_estimates.csv,3129,12c1f45c6f33820bafc703b1531b9394c4246d8f6e667abf57a1604dba5eba28
data/example/example_transitions.csv.gz,11656708,84f9a66ece1e32cc3d5eeb26b65d9f8215b17aefc37f61805f9a054ba1ba5974
data/example/gage_metadata.csv,1556,71446ad0c009d1ae91224e4b76df81666c7d28f1137d5171703685c750066cca
data/expected/reported_claims.csv,9117,867e85dc5192e545595a92debaffec005361583be5ee036ccbd7e6b85a25056d
docs/CLAIM_MAP.md,2142,60935a48f0eda03e3b40015878e364582e0a863503f04aaa827c0e5452ab343d
docs/CODEBOOK.md,4384,3d079e14cddd7a63878c1be08798ac7c3ed655cebee552d9b34a1cdb4af968ad
docs/CONTRIBUTING.md,818,94a1370fe387122e9d3ecfe1f52842a4a5d1218fa1dae5f95d986f6af8495ba6
docs/DATA.md,3859,00f358624efde8bb504fceaa989a98148ca30ea997502593783ab6acc297156a
docs/FULL_WORKFLOW.md,4434,e281a26aefc55741012d87d242537d78fbba10371cc1996a87d7c01c1f8583ed
docs/METHODS_PLAIN_LANGUAGE.txt,8652,35310fadc2a64759f6bc4f91af225aaf8ea2d17198c3440183d82d5328fb7cf3
docs/REPRODUCIBILITY.md,3139,e657d4b959df43c292361f0468a2add247eb7a011715bbf12b6224cc30fcd2af
docs/figures/01_real_gage_estimator_check.png,424950,a710edd123f46e5f4b1af1d3102c28f350f8eb44fbd6371abc3b7114ad88b706
docs/figures/02_continental_result_audit.png,277597,ae1638a1b4a35f617704637349cee206c82053a7843d5d705ea9a8cf7458390a
docs/figures/PROVENANCE.json,3310,0b2f1aabe4c9abb7bac59cd6c2e162d2e9ca1306b6c7711aba773d41174207d3
environment.yml,310,f7da1e4b680f53b2c7cc2fd6d272394d699130ddce4e624d22ca86f36807744c
maintainer/prepare_release_data.py,17293,8c32e2bd30842f23f8ec73719f1027f77430ca7454b5e097e42346a86e7e3983
maintainer/refresh_previews.py,3315,d6679bc04cdc3000d7aee558c0053f4105af261810da218bab26439c406d5dce
maintainer/update_manifest.py,356,16ed4c74613bae8ae3b724e72b66818901f5dfef2e28856979772a8a56ef8c37
provenance/HISTORICAL_CODE_MAP.csv,5784,7e666872cab397ba995fefe747c8c7e15f105a9b92bfe0ed811c073c0991268c
provenance/README.md,3274,3864c40b14b1bf046a027aa8cc7fa1ed3d55dd87b1635d7ccbfc2d85305ac5dc
provenance/SOURCE_MAP.csv,7759,5502029a585d02f18bcbb059e7c2ab68d62cab7777ec7e1b846ae2b64d538d58
provenance/receipts/stage_08_matched_qc.json,520,38d10726b25bb1967c1dfc06c83271477b0f7255db5ad87f51f81fe8c4ad28b5
provenance/receipts/stage_10_transitions.json,456,b95d0e0af17a229f2b51638b0be8b08bebe786a41b49dca93e0218ccb01ff724
provenance/receipts/stage_14_recession.json,1377,e17923468cd10c9547b29722733fcc447d7b93d80dbc8a7526233ea5c8ec8c39
provenance/receipts/stage_15_continental_results.json,1378,7fb3accf98bb3447378bde16fc33c6550950d157f30cbded9db12b72d69a1e3b
provenance/receipts/stage_16_scaling_tests.json,1909,1c0334d3932f9841f062216bd7587c87051c6bb6610da9f778db2fc4f36af98d
provenance/receipts/stage_17_distribution_tests.json,1769,db360a12e0eb0183e8f6b96fcef2f06eda92d331f2eea19211c3e685fec89ae2
reproducibility/audit_release.py,11296,1e9f6658e09399770246797e27b664d19675969fca09f6c25dd85db2bb6d6db3
reproducibility/clean_outputs.py,639,ffc4853c733d2c28b8e3027667636ffbe35e21c9a20dfb1a2dbc9112faef6aab
reproducibility/core.py,3986,8120e8b9e1f2e7934808986acbb61e6725b80667d160f296cb704b403a7f5202
reproducibility/example_selection.py,5568,8dd7ee81e4a3297f24f3f0ed37e7e1bf4db915b943658a4f3e1db19b784b26d0
reproducibility/make_provenance_figures.py,7302,1d7eaa79830050259a8e4c6fc7ad7f3da8af580c1960cd779267477152ac4ccd
reproducibility/run_example.py,3291,efa526d4763366821f84786a56086351faab93031f7a10c775a37b13f89ae566
reproducibility/run_full_workflow.py,3250,78696923193272dabe43d7f6305129fde228ed0ad5ae993d5f774bfe0432aae1
reproducibility/run_sensitivity_analyses.py,7732,abdc01a9c7c31a05baf65dbd8160ec0dd32588d7ae80248b1c06b4dea5ad10a6
reproducibility/verify_reported_results.py,14800,8a8207d22c59359d1f3c23d883c1bf3b0c2774a732d2ed8b3dc6906d620fd9f1
requirements-core.txt,60,4cbcf2fc0ac60645f3680aac59be02b347d3ba85cea5d1dcb604a9f1359f86bc
requirements-dev.txt,38,e7b06ae18533735d1924d38619a160c6739f05404c3fec5fcd6e125b47a0e0a4
requirements-full.txt,156,94c9e3822f8fdfd46068cfa8afce3cae327fd28dfb792568459eb9afdcf46a5d
tests/test_reproducibility.py,2464,a955a5b7552a57a4168b7c4207e98fff02ba167f66ec6cb42e83885043f50625
tests/test_workflow_integrity.py,15603,374ac2aa70a7b8b28a946495333763da2dde732cf04fd59dec46afe4000a12c0
workflow/00_check_environment.py,2956,ded44832e33c59e405b617c9faefdb4f410addbba4d482caddde000ca0422faf
workflow/01_download_gridmet_temperature.py,3133,7761f0958b9e3250080442c34dfdac65a9748a709bc36812d307b7a8fed088ff
workflow/02_validate_gridmet_temperature.py,2274,df7fb865757d3ca6b49cfd07f5dadc19603268da3335b29b91fc0b0498cfbdcc
workflow/03_extract_basin_temperature.py,3185,23ee0050f432372e9e57e0e596c29393cb773eb6e8a55ccc5d8bfccfb87f2c89
workflow/04_build_climate_database.py,8922,b00cb84eddeaae660bfd54f8a7fd1983db9f0eca650c36610cf443adf5a2c712
workflow/05_ingest_usgs_discharge.py,7598,033efaa5cf8bf7ccb15ceb2818b868d90547b7afa53f9fdd8672f5560ad8444a
workflow/06_build_basin_index.py,3498,c3a0a4af01e9ac9f3380c1964877224dd12ab3a855587e2d88b2069ce0e3cc0d
workflow/07_match_daily_forcings.py,3741,d37e9131af09650ece67d31e6848871d6cedae8ac645bb889677988e8490b91c
workflow/08_quality_control_matched_data.py,4469,7c44ef1da9d755efccd1ea0da2c524d4f3daaff43ba554162d961e79474ced33
workflow/09_build_snowmelt_proxy.py,4130,eab001bd71e40bd3a1c7d1b902bbb73c0d261e6000cee2dd1f95497cf306d64f
workflow/10_build_transition_inventory.py,2227,5735e7eabaa3eb804900fedfe5331970cb16e31efc05ac3e25de0960725fc31c
workflow/11_select_validation_basins.py,4654,a6d1a90d7cc91422c3711e99fc4f64242df75dabc069e7e1f2b9e995824837ed
workflow/12_validate_estimators.py,4764,a72f65bd12b4de1dd7d09a6aa17e8a86000fa1176a8d4f9717b461cd30630e3a
workflow/13_run_continental_irreversibility.py,5968,5a5ae45b883bb4b8e20d2a68bd3b78cf1a654c3b70f167ffce5f9e48735afbb4
workflow/14_run_continental_recession.py,5442,baf085e8ca37e726de3b73de8bb995d885099da9d49deaaeccb5d707236ccf23
workflow/15_assemble_continental_results.py,6026,834cfb0279d919af993419df72647c151df5e9add1704a8ff3f53acc1b86db9d
workflow/16_test_hypotheses.py,19400,924b59eb63449aa9f17a26e7afcd25e641c56efe06e330d8bdc809c7e9a99d18
workflow/17_detect_temporal_change.py,25075,739cc3e5cb22d48b7be050c3d707ebc92e96288f1a5b7c4f95873152eb696722
workflow/18_test_operational_value.py,79656,c4c2bf051da6053dee429dd32182833d724cb5bf5e3711d97970e50e59e7f68b
workflow/__init__.py,63,f63a80f9d8d7feedfab3050c0a201b020cc851c67516c84e51b38723bd523a44
workflow/config.json,5604,070b18bcc61eec839e9104e54494f2f2c5838f4f62ae42483c95f6c5fcf6ffa4
workflow/historical/05_ingest_usgs_discharge.py,2603,665e974c67cba72b8510e50218b91e77d0deb2930ecc3ed1928aba20bb767734
workflow/historical/14_run_continental_recession.py,5206,43738a0a11830b97f032755d192c118e03beb865d41443e83ff0aab9f7dd2d35
workflow/historical/15_assemble_continental_results.py,6026,834cfb0279d919af993419df72647c151df5e9add1704a8ff3f53acc1b86db9d
workflow/historical/16_test_hypotheses.py,19400,924b59eb63449aa9f17a26e7afcd25e641c56efe06e330d8bdc809c7e9a99d18
workflow/historical/17_detect_temporal_change.py,24670,4ad0e127a0ed2a161753fc8cb2320ae0fbaaea923875ce94b1b74711288ab1a0
workflow/historical/18_test_operational_value.py,78773,58ece221d0151a0f9b3e6a3b69cdc36fe7e5228205c032285c69bdd45dc26ff5
workflow/historical/README.md,1434,7e660078e20eaf440a3f0bea83e220c3a5f7a9bd6dc30248a116a0687ff79547
workflow/historical/lib/analysis.py,13326,677851434f6ed4a4d5ccb05d1b5e7eb2a7b4fabbd4be7713730649b0f4380fbb
workflow/historical/lib/common.py,13340,07f716e70ed47568294188e5fb307745403f6dc335ea81d8ccb4ccfeb20c3369
workflow/historical/lib/hydrology.py,5309,0db73d0328ee04daae62e4727fdac14f0b69214b4e79356cab8c216e1c70c0c6
workflow/historical/lib/statistics.py,3743,c25e896c9b06886a5b49fabc55035b34158ada11002b4d8933e0207ab0d5da8a
workflow/historical/lib/stochastic.py,15653,e23234058fb60078a62f70da4b240b6b2a5009dcbdecb1e48fcc4f66ca719b58
workflow/historical/sensitivity_exponent_shrinkage.py,46793,71d82012530ffeec22fae98c99e9abcbf050c94f44404988006067f21ecf727c
workflow/historical/sensitivity_recession_measurement_error.py,33373,88d72e042fccfab02eb17ff7c66f04c7fd5c4fed2ba8efc70ade350aeead58a0
workflow/historical/sensitivity_recession_theory_bridge.py,43261,8be515c3966de6c737f3d4d1a525630d54b33374457b6b509c2a0a4f17462d56
workflow/historical/sensitivity_robust_scale.py,35770,3b24f893bdf9723f697da47252ba145b2cfe70ec5b1cdb9d23e277d904a2c7a1
workflow/historical/sensitivity_selection_intermittency.py,24976,e4f70398edaad19e68af80ade25ff6d770e9b10e9907086b0ed23ee2c266232f
workflow/historical/sensitivity_signed_tail_attributes.py,50621,4a0f8ebeb4a9961c37d6b6171231c67984791281de282f036bf6186ec7c91b72
workflow/historical/sensitivity_tail_direction_clustering.py,43849,7b48c3529f87341d9c627fbabea02bda67b81af5f24e4a15ee72d5c55b5f9c1c
workflow/lib/__init__.py,90,55a9c2fb937cf25ea76b4cee4aa9f8a2883e35309edaddab51abd861e7bd351f
workflow/lib/analysis.py,13326,677851434f6ed4a4d5ccb05d1b5e7eb2a7b4fabbd4be7713730649b0f4380fbb
workflow/lib/common.py,24917,1b2b7128449a35cb051b68efdeea2962ca16841eb9e0001cb4b52635bd684721
workflow/lib/database.py,3915,663f2698de71dd3002a3d52b0a2d43162c22ff3bad4c6cfc3c5195911e01bf0f
workflow/lib/discharge.py,3214,d45d98a9b243a8a0157db6375854bae5f750262b33e327a98ed1b7a97215b21f
workflow/lib/gridmet.py,12408,8100e710e1afb273c77e6a5c7b7368257c544cee888645ea565f87ce4b029a5c
workflow/lib/hydrology.py,5691,5c61fcde18789f9b8d079440809c027525b8fffdad6806dde8dd479287837821
workflow/lib/statistics.py,3743,c25e896c9b06886a5b49fabc55035b34158ada11002b4d8933e0207ab0d5da8a
workflow/lib/stochastic.py,15653,e23234058fb60078a62f70da4b240b6b2a5009dcbdecb1e48fcc4f66ca719b58
workflow/sensitivity_exponent_shrinkage.py,47924,afa0a05e902d50b0a28518aa9f5a3afc37171b011984a1e3cebade70608ae5d6
workflow/sensitivity_recession_measurement_error.py,33458,ad81efb707e77a14df3e3630aef70044691db001a056645ce5a1654d7d4dc920
workflow/sensitivity_recession_theory_bridge.py,43823,c297a2ef83bfcd05e52e3c2a78a688d08403ad13fe75ec9df7785fbc4fb1ffe1
workflow/sensitivity_robust_scale.py,35770,3b24f893bdf9723f697da47252ba145b2cfe70ec5b1cdb9d23e277d904a2c7a1
workflow/sensitivity_selection_intermittency.py,24933,594926d3c62f13b6089aa24264674413d5da3b185138a6c19ac7c1e2a2b52d87
workflow/sensitivity_signed_tail_attributes.py,50973,59057b9cb162a166c2a4f7967a976877ee29c0792e5d96cb3038aa3f450e6cf0
workflow/sensitivity_tail_direction_clustering.py,44913,114b759b4bfe1eeec52a51c2b7336378f9f11fe93dbf8a9991b604392d3aba03
