component,receipt_recorded_sha256,archived_sha256,release_sha256,status,note
05_ingest_usgs_discharge.py,not recorded,665e974c67cba72b8510e50218b91e77d0deb2930ecc3ed1928aba20bb767734,033efaa5cf8bf7ccb15ceb2818b868d90547b7afa53f9fdd8672f5560ad8444a,ported,Release runner verifies the download manifest and validates the shared database before a Stage-05 rerun
14_run_continental_recession.py,43738a0a11830b97f032755d192c118e03beb865d41443e83ff0aab9f7dd2d35,43738a0a11830b97f032755d192c118e03beb865d41443e83ff0aab9f7dd2d35,baf085e8ca37e726de3b73de8bb995d885099da9d49deaaeccb5d707236ccf23,ported,Release runner adds deterministic basin and method ordering
15_assemble_continental_results.py,cd71d193dcd0702fe8ed465fa0bfefd76a1345779bcdb128dad4d543f4787a87,834cfb0279d919af993419df72647c151df5e9add1704a8ff3f53acc1b86db9d,834cfb0279d919af993419df72647c151df5e9add1704a8ff3f53acc1b86db9d,normalized,Only an explanatory comment was normalized; numerical code is unchanged
16_test_hypotheses.py,924b59eb63449aa9f17a26e7afcd25e641c56efe06e330d8bdc809c7e9a99d18,924b59eb63449aa9f17a26e7afcd25e641c56efe06e330d8bdc809c7e9a99d18,924b59eb63449aa9f17a26e7afcd25e641c56efe06e330d8bdc809c7e9a99d18,exact,Historical and release script match the receipt
17_detect_temporal_change.py,4ad0e127a0ed2a161753fc8cb2320ae0fbaaea923875ce94b1b74711288ab1a0,4ad0e127a0ed2a161753fc8cb2320ae0fbaaea923875ce94b1b74711288ab1a0,739cc3e5cb22d48b7be050c3d707ebc92e96288f1a5b7c4f95873152eb696722,ported,Release runner adds deterministic row ordering
18_test_operational_value.py,abe1fac7e66d8fe4cfc059e2263839abb4c5e1930b844950489493c1f5360b25,58ece221d0151a0f9b3e6a3b69cdc36fe7e5228205c032285c69bdd45dc26ff5,c4c2bf051da6053dee429dd32182833d724cb5bf5e3711d97970e50e59e7f68b,normalized,Release runner makes bootstrap ordering independent of worker completion and writes a neutral analysis summary
sensitivity_robust_scale.py,42f2cfb65fef579dc060c1e99f45c897e4ae40a9f9cdc80bd39dcd812c38bedf,3b24f893bdf9723f697da47252ba145b2cfe70ec5b1cdb9d23e277d904a2c7a1,3b24f893bdf9723f697da47252ba145b2cfe70ec5b1cdb9d23e277d904a2c7a1,normalized,Scientific labels and output paths were normalized for the public workflow; numerical calculations are unchanged
sensitivity_tail_direction_clustering.py,66be57b57419b4492b3614ffe6e5c27752833100b57f92677e9d103fed60d769,7b48c3529f87341d9c627fbabea02bda67b81af5f24e4a15ee72d5c55b5f9c1c,114b759b4bfe1eeec52a51c2b7336378f9f11fe93dbf8a9991b604392d3aba03,normalized,Release runner adds deterministic row ordering and records its Stage-15 attribute dependency
sensitivity_recession_theory_bridge.py,d4c0f550f064ef0787206e5d22ff3bf45e10d116dfef8de0a6a7d0aa93e1c9f4,8be515c3966de6c737f3d4d1a525630d54b33374457b6b509c2a0a4f17462d56,c297a2ef83bfcd05e52e3c2a78a688d08403ad13fe75ec9df7785fbc4fb1ffe1,normalized,Release runner adds deterministic row ordering and uses normalized scientific labels
sensitivity_selection_intermittency.py,not recorded,e4f70398edaad19e68af80ade25ff6d770e9b10e9907086b0ed23ee2c266232f,594926d3c62f13b6089aa24264674413d5da3b185138a6c19ac7c1e2a2b52d87,normalized,Release runner uses the configured analysis root and normalized scientific labels
sensitivity_recession_measurement_error.py,not recorded,88d72e042fccfab02eb17ff7c66f04c7fd5c4fed2ba8efc70ade350aeead58a0,ad81efb707e77a14df3e3630aef70044691db001a056645ce5a1654d7d4dc920,normalized,Release runner uses the configured analysis root and normalized scientific labels
sensitivity_exponent_shrinkage.py,not recorded,71d82012530ffeec22fae98c99e9abcbf050c94f44404988006067f21ecf727c,afa0a05e902d50b0a28518aa9f5a3afc37171b011984a1e3cebade70608ae5d6,normalized,Release runner uses configured Stage 10 15 and 18 paths and deterministic ordering
sensitivity_signed_tail_attributes.py,not recorded,4a0f8ebeb4a9961c37d6b6171231c67984791281de282f036bf6186ec7c91b72,59057b9cb162a166c2a4f7967a976877ee29c0792e5d96cb3038aa3f450e6cf0,normalized,Release runner uses the configured GAGES-II archive and analysis root
lib/analysis.py,677851434f6ed4a4d5ccb05d1b5e7eb2a7b4fabbd4be7713730649b0f4380fbb,677851434f6ed4a4d5ccb05d1b5e7eb2a7b4fabbd4be7713730649b0f4380fbb,677851434f6ed4a4d5ccb05d1b5e7eb2a7b4fabbd4be7713730649b0f4380fbb,exact,Helper matches all listed receipts
lib/hydrology.py,0db73d0328ee04daae62e4727fdac14f0b69214b4e79356cab8c216e1c70c0c6,0db73d0328ee04daae62e4727fdac14f0b69214b4e79356cab8c216e1c70c0c6,5c61fcde18789f9b8d079440809c027525b8fffdad6806dde8dd479287837821,ported,Release helper conservatively excludes dry windows containing missing precipitation or temperature forcing
lib/statistics.py,c25e896c9b06886a5b49fabc55035b34158ada11002b4d8933e0207ab0d5da8a,c25e896c9b06886a5b49fabc55035b34158ada11002b4d8933e0207ab0d5da8a,c25e896c9b06886a5b49fabc55035b34158ada11002b4d8933e0207ab0d5da8a,exact,Helper matches all listed receipts
lib/stochastic.py,e23234058fb60078a62f70da4b240b6b2a5009dcbdecb1e48fcc4f66ca719b58,e23234058fb60078a62f70da4b240b6b2a5009dcbdecb1e48fcc4f66ca719b58,e23234058fb60078a62f70da4b240b6b2a5009dcbdecb1e48fcc4f66ca719b58,exact,Helper matches all listed receipts
lib/common.py (Stages 17-18),07f716e70ed47568294188e5fb307745403f6dc335ea81d8ccb4ccfeb20c3369,07f716e70ed47568294188e5fb307745403f6dc335ea81d8ccb4ccfeb20c3369,1b2b7128449a35cb051b68efdeea2962ca16841eb9e0001cb4b52635bd684721,ported,Release helper validates chained receipts fingerprints declared outputs and protects forced reruns from corrupted products
lib/common.py (Stages 14-16),249eb3e8c52b8dc41f2ee7af5c5299404ba6a9498aea0350c2f9659aa8d6a1ef,07f716e70ed47568294188e5fb307745403f6dc335ea81d8ccb4ccfeb20c3369,1b2b7128449a35cb051b68efdeea2962ca16841eb9e0001cb4b52635bd684721,historical limitation,Earlier helper snapshot was not preserved; release helper adds chained receipt validation output fingerprints and safe forced reruns
