release_product,frozen_upstream_reference,frozen_producer_reference,normalized_reconstruction_code,release_assembly_code,role
data/example/example_transitions.csv.gz,archived-output://numbered-stage/10-transitions/daily/<GAGE_ID>.csv.gz,code-hash-not-recorded,workflow/10_build_transition_inventory.py,maintainer/prepare_release_data.py,real-gage estimator demonstration
data/example/gage_metadata.csv,archived-output://numbered-stage/15-continental-results/continental_basin_results.csv,recorded-execution://stage-15#sha256=cd71d193dcd0702fe8ed465fa0bfefd76a1345779bcdb128dad4d543f4787a87,workflow/15_assemble_continental_results.py,maintainer/prepare_release_data.py,example-gage metadata
outputs/example/example_gage_selection.csv,data/derived/basin_distribution.csv.gz + data/derived/basin_prediction_q10.csv.gz,not applicable,reproducibility/example_selection.py,reproducibility/run_example.py,prespecified regional-medoid selection audit
data/derived/basin_sample.csv.gz,external-input://basin_inventory.csv + archived-output://numbered-stage/15-continental-results/continental_basin_results.csv,code-hash-not-recorded + recorded-execution://stage-15#sha256=cd71d193dcd0702fe8ed465fa0bfefd76a1345779bcdb128dad4d543f4787a87,workflow/08_quality_control_matched_data.py; workflow/15_assemble_continental_results.py,maintainer/prepare_release_data.py,sample accounting
data/derived/basin_scaling.csv.gz,archived-output://numbered-stage/15-continental-results/continental_basin_results.csv,recorded-execution://stage-14#sha256=43738a0a11830b97f032755d192c118e03beb865d41443e83ff0aab9f7dd2d35 + recorded-execution://stage-15#sha256=cd71d193dcd0702fe8ed465fa0bfefd76a1345779bcdb128dad4d543f4787a87,workflow/14_run_continental_recession.py; workflow/15_assemble_continental_results.py,maintainer/prepare_release_data.py,variance-scaling claims
data/derived/basin_distribution.csv.gz,archived-output://numbered-stage/17-distribution-tests/distribution_basin_diagnostics.csv,recorded-execution://stage-17#sha256=4ad0e127a0ed2a161753fc8cb2320ae0fbaaea923875ce94b1b74711288ab1a0,workflow/17_detect_temporal_change.py,maintainer/prepare_release_data.py,heavy-tail claims
data/derived/basin_signed_tails.csv.gz,archived-output://sensitivity/tail-direction/basin_tail_direction_and_clustering.csv,recorded-execution://sensitivity/tail-direction#sha256=66be57b57419b4492b3614ffe6e5c27752833100b57f92677e9d103fed60d769,workflow/sensitivity_tail_direction_clustering.py,maintainer/prepare_release_data.py,signed-tail claims
data/derived/basin_theory_bridge.csv.gz,archived-output://sensitivity/theory-bridge-v2/basin_theory_bridge.csv,recorded-execution://sensitivity/theory-bridge-v2#sha256=d4c0f550f064ef0787206e5d22ff3bf45e10d116dfef8de0a6a7d0aa93e1c9f4,workflow/sensitivity_recession_theory_bridge.py,maintainer/prepare_release_data.py,recession-theory and sign-mixture claims
data/derived/basin_prediction_q10.csv.gz,archived-output://numbered-stage/18-lowflow-predictability-horizons/basin_predictability_metrics.csv.gz,recorded-execution://stage-18#sha256=abe1fac7e66d8fe4cfc059e2263839abb4c5e1930b844950489493c1f5360b25,workflow/18_test_operational_value.py,maintainer/prepare_release_data.py,conditional-prediction claims
data/derived/basin_place_metrics.csv.gz,archived-output://combined/place-metrics,recorded-execution://stage-15#sha256=cd71d193dcd0702fe8ed465fa0bfefd76a1345779bcdb128dad4d543f4787a87 + recorded-execution://stage-18#sha256=abe1fac7e66d8fe4cfc059e2263839abb4c5e1930b844950489493c1f5360b25 + recorded-execution://sensitivity/tail-direction#sha256=66be57b57419b4492b3614ffe6e5c27752833100b57f92677e9d103fed60d769 + recorded-execution://sensitivity/theory-bridge-v2#sha256=d4c0f550f064ef0787206e5d22ff3bf45e10d116dfef8de0a6a7d0aa93e1c9f4,workflow/15_assemble_continental_results.py; workflow/18_test_operational_value.py; workflow/sensitivity_tail_direction_clustering.py; workflow/sensitivity_recession_theory_bridge.py,maintainer/prepare_release_data.py,place-based HUC2 summaries
data/derived/scaling_population_summary.csv,archived-output://numbered-stage/16-scaling-tests/scaling_population_summary.csv,recorded-execution://stage-16#sha256=924b59eb63449aa9f17a26e7afcd25e641c56efe06e330d8bdc809c7e9a99d18,workflow/16_test_hypotheses.py,maintainer/prepare_release_data.py,population audit
data/derived/scaling_meta_analysis.csv,archived-output://numbered-stage/16-scaling-tests/scaling_random_effects_meta_analysis.csv,recorded-execution://stage-16#sha256=924b59eb63449aa9f17a26e7afcd25e641c56efe06e330d8bdc809c7e9a99d18,workflow/16_test_hypotheses.py,maintainer/prepare_release_data.py,random-effects audit
data/derived/scaling_lag_stability.csv,archived-output://numbered-stage/16-scaling-tests/scaling_tau_stability.csv,recorded-execution://stage-16#sha256=924b59eb63449aa9f17a26e7afcd25e641c56efe06e330d8bdc809c7e9a99d18,workflow/16_test_hypotheses.py,maintainer/prepare_release_data.py,cross-lag stability audit
data/derived/distribution_population_summary.csv,archived-output://numbered-stage/17-distribution-tests/distribution_population_summary.csv,recorded-execution://stage-17#sha256=4ad0e127a0ed2a161753fc8cb2320ae0fbaaea923875ce94b1b74711288ab1a0,workflow/17_detect_temporal_change.py,maintainer/prepare_release_data.py,population audit
data/derived/prediction_skill_summary.csv,archived-output://numbered-stage/18-lowflow-predictability-horizons/paired_predictability_skill_summary.csv,recorded-execution://stage-18#sha256=abe1fac7e66d8fe4cfc059e2263839abb4c5e1930b844950489493c1f5360b25,workflow/18_test_operational_value.py,maintainer/prepare_release_data.py,spatial-hierarchical prediction audit
data/derived/prediction_water_year_summary.csv,archived-output://numbered-stage/18-lowflow-predictability-horizons/water_year_block_skill_summary.csv,recorded-execution://stage-18#sha256=abe1fac7e66d8fe4cfc059e2263839abb4c5e1930b844950489493c1f5360b25,workflow/18_test_operational_value.py,maintainer/prepare_release_data.py,water-year-block prediction audit
data/derived/theory_point_estimates.csv,archived-output://sensitivity/theory-bridge-v2/population_point_estimates.csv,recorded-execution://sensitivity/theory-bridge-v2#sha256=d4c0f550f064ef0787206e5d22ff3bf45e10d116dfef8de0a6a7d0aa93e1c9f4,workflow/sensitivity_recession_theory_bridge.py,maintainer/prepare_release_data.py,theory audit
data/derived/theory_bootstrap_intervals.csv,archived-output://sensitivity/theory-bridge-v2/population_bootstrap_intervals.csv,recorded-execution://sensitivity/theory-bridge-v2#sha256=d4c0f550f064ef0787206e5d22ff3bf45e10d116dfef8de0a6a7d0aa93e1c9f4,workflow/sensitivity_recession_theory_bridge.py,maintainer/prepare_release_data.py,theory interval audit
data/derived/robust_scale_population_summary.csv,archived-output://sensitivity/robust-scale/robust_scale_population_summary.csv,recorded-execution://sensitivity/robust-scale#sha256=42f2cfb65fef579dc060c1e99f45c897e4ae40a9f9cdc80bd39dcd812c38bedf,workflow/sensitivity_robust_scale.py,maintainer/prepare_release_data.py,robust-scale audit
data/derived/signed_tail_population_summary.csv,archived-output://sensitivity/tail-direction/continental_summary.csv,recorded-execution://sensitivity/tail-direction#sha256=66be57b57419b4492b3614ffe6e5c27752833100b57f92677e9d103fed60d769,workflow/sensitivity_tail_direction_clustering.py,maintainer/prepare_release_data.py,signed-tail audit
data/expected/reported_claims.csv,article Sections 3.1–3.5 and Table 1,not applicable,not applicable,not applicable,expected-value and tolerance registry consumed by reproducibility/verify_reported_results.py; locators are in docs/CLAIM_MAP.md
docs/CLAIM_MAP.md,article Sections 2.1 and 3.1–3.5 plus Table 1 and Figures 1–12,not applicable,not applicable,not applicable,claim-to-article provenance
