GAGE_ID,recession_n_transitions,recession_variance_exponent,recession_variance_r2,quality_tier,area_km2,STANAME,LAT_GAGE,LNG_GAGE,STATE,AGGECOREGION,is_reference
05584500,1873,1.941751529680094,0.883223805124822,TIER1_HIGH_QUALITY,1695.67,"LA MOINE RIVER AT COLMAR, IL",40.330322,-90.896245,IL,CntlPlains,True
02142000,1850,1.9367051336722243,0.8989549152937636,TIER1_HIGH_QUALITY,72.4563,"LOWER LITTLE RIVER NR ALL HEALING SPRINGS, NC",35.945556,-81.236944,NC,EastHghlnds,True
05129115,1448,2.054866813711901,0.9132172056566528,TIER1_HIGH_QUALITY,2357.58,"VERMILION RIVER NR CRANE LAKE, MN",48.264628,-92.565994,MN,MxWdShld,True
01381500,1337,1.5778455006979193,0.658132107395485,TIER1_HIGH_QUALITY,76.8742,WHIPPANY RIVER AT MORRISTOWN NJ,40.807222,-74.456944,NJ,NorthEast,False
02092500,1729,2.026255268295502,0.9107667542051362,TIER1_HIGH_QUALITY,447.575,"TRENT RIVER NEAR TRENTON, NC",35.064167,-77.461389,NC,SECstPlain,True
02039500,1617,2.463050448459697,0.8530301229937876,TIER1_HIGH_QUALITY,784.796,"APPOMATTOX RIVER AT FARMVILLE, VA",37.307097,-78.388607,VA,SEPlains,False
12431000,2654,2.381456846582521,0.8589619215998001,TIER1_HIGH_QUALITY,2121.29,"LITTLE SPOKANE RIVER AT DARTFORD, WA",47.784614,-117.404386,WA,WestMnts,False
07328500,3238,2.006328947280984,0.8217998630815542,TIER1_HIGH_QUALITY,13750.7,"Washita River near Pauls Valley, OK",34.754803,-97.251413,OK,WestPlains,False
09394500,4020,1.4797350853792517,0.8467032360558986,TIER1_HIGH_QUALITY,21014.3,"LITTLE COLORADO RIVER AT WOODRUFF, AZ",34.782808,-110.044284,AZ,WestXeric,False
